,smiles,mu,alpha,homo,lumo,gap,r2,zpve,u298,cv,u298_atom,smiles,scaled mu,scaled alpha,scaled homo,scaled lumo,scaled gap,scaled r2,scaled zpve,scaled u298,scaled cv,scaled u298_atom
0,C,0.0,13.21,-0.3877,0.1171,0.5048,35.3641,0.044749000000000004,-40.476062,6.468999999999999,-398.64329,C,-1.478134836122056,-2.7829841168228255,-4.160435482480147,1.6032171698321311,3.4632129397508065,-2.518375932405544,-1.3343215192644824,3.584314423833571,-2.647336232629934,2.2964732859967496
1,N,1.6256,9.46,-0.257,0.0829,0.3399,26.1563,0.034358,-56.523026,6.316,-278.6202711,N,-0.35536824308570664,-3.1846201278635964,0.3635829337745955,0.966369613519888,0.694912292301496,-2.5849026461371114,-1.675973177007931,3.2519935652661616,-2.684633530954867,2.7846195103075257
2,O,1.8511,6.31,-0.2928,0.0687,0.3615,19.0002,0.021375,-76.40186700000001,6.002000000000001,-213.97429390000002,O,-0.19962029357186756,-3.521994377137844,-0.8755896699126257,0.7019475287352724,1.0575277803846075,-2.6366057474354094,-2.1028486916343563,2.84031734361794,-2.7611783131380614,3.047541489576792
3,C#C,0.0,16.28,-0.2845,0.0506,0.3351,59.5248,0.026841000000000004,-77.305527,8.574,-387.2376864,C#C,-1.478134836122056,-2.4541781024507814,-0.5882954629125147,0.3649024770027695,0.6143310727274717,-2.3438139336160098,-1.9231289378834482,2.821603207594888,-2.1341936641725288,2.342861073809054
4,C#N,2.8937,12.99,-0.3604,0.0191,0.3796,48.7476,0.016600999999999998,-93.40937,6.278,-302.90675189999996,C#N,0.5204808690140686,-2.806546762803884,-3.2154798377689424,-0.22166764065324399,1.3613861291949927,-2.421679623490665,-2.2598157798902725,2.4881044266420074,-2.6938969122381833,2.685843841998485
5,C=O,2.1089,14.18,-0.267,-0.0406,0.2263,59.9891,0.026602999999999998,-114.480746,6.412999999999999,-360.51270560000006,C=O,-0.021563435990192382,-2.679094268633613,0.017445334979282016,-1.3333576731632124,-1.2121765709504235,-2.3404593480271,-1.9309542765941536,2.0517316795281793,-2.6609875313632427,2.4515543777424207
6,CC,0.0,23.95,-0.3385,0.1041,0.4426,109.5031,0.074542,-79.760666,10.097999999999999,-675.7104763,CC,-1.478134836122056,-1.6326985812020585,-2.4574384964072076,1.3611406133391732,2.419014636104068,-1.982718768984895,-0.3547403587264638,2.770759079049306,-1.7626833200732013,1.1696119379628236
7,CO,1.5258,16.97,-0.2653,0.0784,0.3437,83.794,0.051208000000000004,-115.675816,8.751,-484.35537180000006,CO,-0.4242979342674411,-2.3802770764192798,0.07628872677448646,0.8825738824261717,0.7587057577975993,-2.1684680180993667,-1.1219523481197484,2.0269826560712714,-2.091045809247607,1.9478732466714064
8,CC#C,0.7156,28.78,-0.2609,0.0613,0.3222,177.1963,0.05541,-116.60555,12.482000000000001,-673.980434,CC#C,-0.9838854672878953,-1.1153913989815454,0.22858927024442285,0.5641501042700503,0.3977690451222797,-1.493632761689589,-0.9837923764290575,2.0077285466260637,-1.1815280311409186,1.1766482017094184
9,CC#N,3.8266,24.45,-0.3264,0.0376,0.364,160.7223,0.045286,-132.714563,10.287,-592.893721,CC#N,1.1648146255615652,-1.579147113063289,-2.0386120018648786,0.1228259205098116,1.0994971655794121,-1.6126580535088986,-1.3166651878037732,1.6741226987639037,-1.7166101868482841,1.5064363803062284
10,CC=O,2.5682,25.11,-0.254,-0.0198,0.2342,166.9728,0.055354999999999994,-153.783728,11.219000000000001,-649.1122522999999,CC=O,0.29566509266482427,-1.5084591751201133,0.46742421341318957,-0.9460351827744797,-1.0795533137348412,-1.5674979474923516,-0.9856007530218678,1.2377957398389376,-1.4894135722153616,1.2777897086768737
11,C(=O)N,3.7286,21.57,-0.2543,0.0302,0.2845,145.3078,0.045279,-169.85690300000002,10.89,-545.5368718,C(=O)N,1.097128155262868,-1.8876035695426008,0.4570400854493294,-0.014971503955410614,-0.23512928361537344,-1.724028416550585,-1.3168953448246763,0.9049320706798228,-1.56961495227355,1.6990416600609008
12,CCC,0.0597,34.75,-0.32299999999999995,0.0949,0.4179,227.1361,0.103182,-119.047927,14.84,-954.4449541000001,CCC,-1.4369013435013192,-0.47598686940463847,-1.9209252182744696,1.1898248964364646,2.0043571103793987,-1.1328157610584162,0.5869306525113727,1.9571487097431932,-0.6067108451919586,0.03596954027684157
13,CCO,1.4131,27.87,-0.2619,0.0798,0.3417,193.1659,0.07975399999999999,-154.968412,13.546,-766.4376101,CCO,-0.5021373751109429,-1.2128550709941057,0.19397551036489152,0.9086436654331057,0.7251302496417557,-1.378251779521467,-0.1833720168768968,1.2132618028268602,-0.9221533552080549,0.8006151554047353
14,COC,1.1502,28.13,-0.2525,0.091,0.3435,187.1015,0.07953400000000001,-154.956045,12.934000000000001,-758.6772063,COC,-0.6837166918612237,-1.185008307561946,0.5193448532324866,1.117201929488577,0.7553482069820153,-1.4220673057876454,-0.19060552324813665,1.213517914329192,-1.0713425485077845,0.8321775327621426
15,C1CC1,0.0005,30.82,-0.2888,0.1042,0.39299999999999996,155.8145,0.081231,-117.821426,11.040999999999999,-810.8790525000001,C1CC1,-1.4777894969878789,-0.8969014089753662,-0.7371346303945002,1.3630027406968115,1.5863420338391447,-1.6481170997144834,-0.13480888546634198,1.9825486461644244,-1.5328052003319503,0.6198671413212063
16,C1CO1,1.7675,24.04,-0.2682,0.1042,0.3724,129.891,0.057289,-153.73941000000002,9.176,-621.3023085,C1CO1,-0.25736099680626634,-1.62305931693708,-0.02409117687615483,1.3630027406968115,1.2405142998339558,-1.8354153971818785,-0.9220116561037819,1.2387135331243206,-1.987442202789461,1.3908956710887628
17,CC(=O)C,2.7362,35.53,-0.2431,-0.0087,0.2344,292.4367,0.08338200000000001,-193.082969,16.893,-935.3642879,CC(=O)C,0.4116990417483054,-0.39244657910815806,0.8447141961000807,-0.7393390460766464,-1.0761957629192567,-0.6610163819776835,-0.06408492090025959,0.42393727351673915,-0.10624448270119707,0.11357261382246372
18,CC(=O)N,3.6367,31.83,-0.2436,0.0347,0.2783,267.6148,0.07318999999999999,-209.15402,16.561,-830.4560783,CC(=O)N,1.0336548224011304,-0.7887274433350522,0.827407316160315,0.0688242271383056,-0.33921335889848847,-0.8403555765272593,-0.3991935433351775,0.09111759084027617,-0.18717718233438418,0.5402453211479713
19,C(=O)(N)N,3.4869,28.07,-0.2495,0.0556,0.3051,244.2308,0.063824,-225.217075,15.292,-720.5303067000001,C(=O)(N)N,0.9301912178016931,-1.1914344837385982,0.6231861328710806,0.45800884488467636,0.11069845038981635,-1.009305887556926,-0.7071436373035281,-0.2415365005389725,-0.4965253625588246,0.9873249801398571
20,CC(C)C,0.0897,45.46,-0.3167,0.0843,0.401,355.0621,0.131146,-158.336603,20.273,-1234.0673570000001,CC(C)C,-1.4161809954506974,0.6710855781278029,-1.7028585310334232,0.992439396526822,1.7206440664625204,-0.20854542712148735,1.506375071444853,1.1435090368245797,0.7177089051306456,-1.1012841420527706
21,CC(C)O,1.4259,38.58,-0.2612,0.07400000000000001,0.3351,318.3721,0.107673,-194.261748,19.052,-1048.984205,CC(C)O,-0.49329669327601117,-0.06578262346166479,0.21820514228056462,0.8006402786900939,0.6143310727274717,-0.47363210654667004,0.7345928212079206,0.3995256247250276,0.42006183810618397,-0.3485315229271608
22,C#CC#C,0.0,38.52,-0.2599,-0.0214,0.2386,278.6264,0.037354000000000005,-153.455442,15.312000000000001,-675.3929568,C#CC#C,-1.478134836122056,-0.0722087996383166,0.2632030301239542,-0.9758292204966899,-1.0056871957919848,-0.7607963375204908,-1.5774659720614028,1.2445943021947612,-0.4916498987254998,1.1709033231195258
23,C#CC#N,3.792,32.66,-0.3102,-0.0543,0.2559,260.1896,0.027259,-169.553764,12.93,-587.5975451,C#CC#N,1.140917157476515,-0.6998320062246951,-1.4778690918164696,-1.5884691211596373,-0.7152590502439371,-0.894002935809567,-1.9093852757780916,0.9112098571038013,-1.0723176412744497,1.5279764839677163
24,C(#N)C#N,0.0023,27.7,-0.3696,-0.0926,0.27699999999999997,242.9308,0.015951,-185.644825,10.398,-495.2457905,C(#N)C#N,-1.4765462761048418,-1.2310625701612876,-3.5339264286606302,-2.301663899135044,-0.36103743919978726,-1.018698438204316,-2.2811875032598463,0.577975781998968,-1.6895513625733334,1.9035807699591043
25,C#CC=O,2.7824,31.14,-0.2777,-0.0735,0.2042,268.3921,0.037208,-190.620363,13.049000000000001,-642.2058883,C#CC=O,0.4436083777462625,-0.8626284693665538,-0.35292189573170263,-1.9459975738261597,-1.583185936072496,-0.8347395537440159,-1.5822663899259535,0.47493603815740587,-1.0433086314661686,1.3058786164648433
26,C(=O)C#N,2.3112,26.25,-0.3166,-0.11,0.2066,251.0007,0.026539999999999998,-206.717875,11.329,-553.9021943,C(=O)C#N,0.11816077769783244,-1.3863618277637189,-1.6993971550454705,-2.62567405936408,-1.5428953262854834,-0.960393096304799,-1.933025689782282,0.14156836757254185,-1.462598521132077,1.6650190148138313
27,C(=O)C=O,0.002,26.12,-0.2668,-0.1113,0.1555,266.8164,0.036943000000000004,-227.79457000000002,12.147,-614.8458684,C(=O)C=O,-1.476753479585348,-1.4002852094797988,0.02436808695518944,-2.6498817150133758,-2.4007495596672888,-0.8461240476325488,-1.5909794771458565,-0.2949145321313169,-1.2631920503491043,1.4171546911183255
28,CC#CC,0.0,42.32,-0.2412,0.0684,0.3096,400.2236,0.083896,-155.90318,17.447,-959.2215526000001,CC#CC,-1.478134836122056,0.3347823582163308,0.9104803398711906,0.696361146662358,0.18624334374046464,0.11774816984935987,-0.04718481965108936,1.193903442932656,0.028805865481891603,0.01654261247421565
29,CCC#C,0.7067,40.09,-0.2592,0.0566,0.3157,333.9589,0.084338,-155.892291,17.13,-952.3886071000001,CCC#C,-0.9900325038762463,0.09594281031741946,0.2874326620396273,0.47663011846105774,0.2886486436157877,-0.36101686929225607,-0.03265204775977924,1.1941289461386793,-0.04847023627630199,0.044332919511279635
30,CCC#N,3.9233,35.38,-0.3213,0.034,0.3553,314.5335,0.07418999999999999,-172.001467,14.988,-871.4041779999999,CCC#N,1.2316032141114022,-0.4085120195497887,-1.8620818264792671,0.055789335634838656,0.9534437051014926,-0.5013661410967246,-0.36631396892044854,0.8605197226660335,-0.5706324128253574,0.3737050987435488
31,C(C#N)N,4.4361,31.81,-0.2683,0.0173,0.2855,295.6635,0.063305,-188.037478,14.488,-744.5080531000001,C(C#N)N,1.5857830301233606,-0.7908695020606029,-0.027552552864107585,-0.25518593309073045,-0.2183415295374516,-0.6377026262630696,-0.7242081364247727,0.5284256926977217,-0.6925190086584702,0.889804967063088
32,C#CCO,1.7211,33.1,-0.2595,0.0277,0.2872,300.0993,0.060632000000000005,-191.806025,15.855,-760.1449498,C#CCO,-0.2894084684578944,-0.6527067142625774,0.27704853407576713,-0.06152468789636411,-0.1898023476049839,-0.605653798446383,-0.8120952388353428,0.4503818474824125,-0.3592810556507394,0.8262080657853236
33,C(C#N)O,4.6788,28.56,-0.3018,0.0022,0.3039,280.6659,0.050262,-207.912215,13.845,-677.2867789,C(C#N)O,1.7534106458528895,-1.1389540449626043,-1.1871135088284077,-0.5363671640940892,0.09055314549631051,-0.7460608705625276,-1.153056425516082,0.11683446188038703,-0.8492651708998531,1.1632009497239564
34,CCC=O,2.6741,35.83,-0.25,-0.0205,0.2295,333.3276,0.084175,-193.07011599999998,15.954,-927.2989147,CCC=O,0.36880792128351864,-0.3603156982248967,0.605879252931315,-0.9590700742779467,-1.1584557579010735,-0.3655780363874079,-0.03801141838937994,0.4242034497227286,-0.33514750967578305,0.14637533376169162
35,CNC=O,3.7071,32.78,-0.2516,0.0335,0.2851,279.7863,0.074166,-209.139976,15.058,-821.6433419,CNC=O,1.082278572493256,-0.6869796538713899,0.5504972371240652,0.04647869884664796,-0.2250566311686196,-0.7524160148313311,-0.3671030787064019,0.09140843178300682,-0.5535682894087215,0.5760876457198132
36,COC=O,3.92,29.47,-0.2814,0.0074,0.2888,293.91700000000003,0.061327,-229.00900299999998,13.885,-750.8389913999999,COC=O,1.2293239758258339,-1.0414903729500438,-0.4809928072859679,-0.4395365414969061,-0.16294194108030913,-0.6503211568058899,-0.7892439346171065,-0.32006454912098425,-0.8395142432332042,0.8640563760360263
37,C(C=O)O,1.7341,28.53,-0.2537,-0.0341,0.2196,303.8129,0.060508000000000006,-228.987769,14.78,-737.5144652,C(C=O)O,-0.28042965096929184,-1.1421671330509302,0.4778083413770497,-1.2123193949167332,-1.3246545232724998,-0.5788228937662697,-0.8161723060627692,-0.3196248085500689,-0.6213372366919323,0.9182486236137947
38,CCCC,0.0,45.71,-0.317,0.0937,0.4107,426.2996,0.131708,-158.33517,19.668,-1233.168137,CCCC,-1.478134836122056,0.6978613121971876,-1.7132426589972836,1.167479368144807,1.883485281018362,0.3061482857580835,1.52485339226593,1.1435387132038826,0.5702261241725789,-1.0976269198644952
39,CCCO,1.3402,38.61,-0.2619,0.081,0.3429,382.8628,0.108241,-194.255495,18.430999999999997,-1045.060391,CCCO,-0.5524878208739534,-0.0625695353733385,0.19397551036489152,0.9309891937247635,0.7452755545352615,-0.007684286519261203,0.7532684194754865,0.3996551197702354,0.2686786860814573,-0.33257295925702335
40,CCOC,1.0363,39.34,-0.2503,0.0925,0.3428,368.9331,0.107895,-194.24858500000002,17.887999999999998,-1040.7243039999998,CCOC,-0.7623849466267504,0.015615608109265303,0.5954951249674548,1.1451338398531492,0.7435967791274695,-0.10832691171383627,0.7418920867279903,0.39979822080372013,0.13630984300669688,-0.3149376379933861
41,C(CO)O,0.0075,31.42,-0.2594,0.0584,0.3179,297.8398,0.085172,-230.177723,16.837,-858.1467954,C(CO)O,-1.4729547491094008,-0.8326396472088428,0.2805099100637199,0.5101484108985443,0.3255817025872163,-0.6219787739754427,-0.005230482697895271,-0.34426788339810394,-0.11989578143450594,0.4276242662477861
42,CC1CC1,0.1136,41.96,-0.2727,0.1012,0.3738,298.6061,0.10928399999999999,-157.11209,16.49,-1091.748943,CC1CC1,-1.3996737848370355,0.2962253011564169,-0.1798530963340459,1.3071389199676673,1.2640171555430466,-0.6164422266207543,0.7875618155900485,1.168867803223442,-0.20448507894268658,-0.5224602041056644
43,CC1CO1,1.8119999999999998,35.01,-0.2633,0.1052,0.3685,267.2979,0.085275,-193.035186,14.764000000000001,-905.3800252999998,CC1CO1,-0.22662581386451114,-0.4481401059724786,0.14551624653354917,1.3816240142731928,1.1750420589300605,-0.8426451913735344,-0.0018438865331779988,0.42492682441153273,-0.6252376077585915,0.23552175917038923
44,CN1CC1,1.1353,39.02,-0.2304,0.0968,0.3271,270.5508,0.09767100000000001,-173.143343,15.298,-961.8671304999999,CN1CC1,-0.694007798059699,-0.018657331499547167,1.284308946570129,1.2252053162315892,0.4800290401040969,-0.8191428621420772,0.40573131791180195,0.8368723079464941,-0.49506272340882723,0.00578276928046194
45,C1CC1O,1.3894,34.64,-0.239,0.0775,0.3166,263.966,0.085106,-193.030356,15.679,-902.3491569,C1CC1O,-0.5185064500709341,-0.4877681923951677,0.9866306116061597,0.8658147362074285,0.3037576222859176,-0.866718298682795,-0.007400534609267269,0.4250268501701049,-0.4021851373839952,0.24784861929607424
46,C1CCC1,0.0,41.83,-0.2982,0.0956,0.3938,268.4432,0.11051099999999998,-157.111322,14.696,-1091.267016,C1CCC1,-1.478134836122056,0.28230191944033656,-1.0625039732620953,1.2028597879399316,1.5997722371014826,-0.8343703542531842,0.8279050533969206,1.168883707940333,-0.6418141847918952,-0.5205001563781577
47,C1COC1,1.7978,34.56,-0.2424,0.0859,0.3283,236.9759,0.086675,-193.029968,12.915,-902.1056833999999,C1COC1,-0.23643344527513854,-0.4963364272973706,0.8689438280157528,1.0222334342490322,0.5001743449976027,-1.0617228227044255,0.04418751764744245,0.42503488536561784,-1.0759742391494433,0.24883885159346242
48,CC(=NO)C,0.6875,45.37,-0.2392,0.0192,0.2584,452.5112,0.100501,-248.368823,21.616,-1063.722509,CC(=NO)C,-1.0032935266286442,0.661446313862824,0.9797078596302533,-0.21980551329560585,-0.6732896650491325,0.49552811694971916,0.4987805135054843,-0.7209922264131192,1.0450963015383867,-0.4084737533116391
49,c1cc[nH]c1,1.8689,43.14,-0.2029,0.0499,0.2528,303.9808,0.082433,-210.09781600000002,14.821,-1028.905172,c1cc[nH]c1,-0.1873262203951654,0.4226067659639127,2.23618734325724,0.3518675854993025,-0.7673010878854946,-0.5776098097249647,-0.09528763701983753,0.07157226768553529,-0.611342535833617,-0.266867986743924
50,c1cnc[nH]1,3.6193,39.13,-0.2253,0.0332,0.2585,283.6817,0.071145,-226.157088,13.370999999999999,-916.6055338,c1cnc[nH]1,1.02163702053177,-0.006876008509017951,1.4608391219557384,0.04089231677373351,-0.6716108896413404,-0.7242715980683752,-0.46643227301329787,-0.2610034805374647,-0.9648136637496445,0.189866437045813
51,c1ccoc1,0.5571,39.2,-0.2246,0.0199,0.2445,289.005,0.069883,-229.965414,13.357999999999999,-957.2041111,c1ccoc1,-1.0933579728220126,0.0006211970304097998,1.4850687538714107,-0.20677062179213884,-0.9066394467322463,-0.685810548175105,-0.5079262959246857,-0.3398711196762198,-0.9679827152413054,0.024747758953770942
52,c1cocn1,1.5081,35.17,-0.2509,0.001,0.2519,269.2444,0.05859299999999999,-246.02561400000002,12.04,-845.4868013,c1cocn1,-0.4365229396173079,-0.43100363616807197,0.5747268690397364,-0.558712692385747,-0.7824100665556244,-0.8285816530388082,-0.8791366910669756,-0.6724660860987973,-1.2892757818573908,0.4791137919766851
53,CC(C)(C)C,0.0003,56.01,-0.3145,0.0737,0.3882,486.2719,0.15883599999999998,-197.625241,26.084,-1513.665915,CC(C)(C)C,-1.4779276326415498,1.8010215558558378,-1.6267082592984552,0.7950538966171794,1.5057608142651204,0.7394504897507488,2.416810486988696,0.329870150858104,2.134274921903083,-2.2384408446695674
54,CC(C)(C)O,1.3840000000000001,49.04,-0.2601,0.0664,0.3265,449.0573,0.13497699999999999,-233.553779,25.128,-1330.711901,CC(C)(C)O,-0.5222361127200459,1.0545140900013918,0.2562802781480487,0.6591185995095953,0.469956387657344,0.4705735548873961,1.6323367210276787,-0.4141835277836497,1.9012277506701716,-1.4943476534208933
55,CC(=O)C#C,2.8579,42.02,-0.2654,-0.0575,0.2079,416.7799,0.065175,-229.921622,18.723,-929.7242369999999,CC(=O)C#C,0.4957545870069935,0.30265147733306946,0.07282735078653178,-1.6480571966040576,-1.521071245984185,0.23736808237503873,-0.6627233322692296,-0.3389642194651654,0.3398604580479956,0.13651129322736621
56,CC(=O)C#N,3.3351,37.08,-0.3007,-0.0889,0.2118,397.7757,0.05451,-246.02202400000002,16.963,-843.2340439999999,CC(=O)C#N,0.8253462566655481,-0.2264370278779731,-1.1490383729609237,-2.232765186902433,-1.45559900508029,0.10006199698032454,-1.0133839934023134,-0.6723917398310386,-0.08918035928456121,0.4882759925308955
57,C(#N)C(=N)N,5.1815,38.31,-0.2739,-0.0438,0.2301,384.5574,0.056619,-242.190591,17.465,-788.1356162999999,C(#N)C(=N)N,2.100614611354472,-0.09470041625659986,-0.22138960818948275,-1.3929457486076327,-1.1483831054543205,0.004559264501559437,-0.9440409709616502,-0.5930455716646797,0.03319378293188383,0.7123670851705866
58,C#CC(=O)N,3.7167,38.29,-0.2629,-0.0277,0.2352,390.4619,0.054730999999999995,-245.992256,18.527,-824.5543561000001,C#CC(=O)N,1.0889090838694546,-0.09684247498215097,0.15936175048536017,-1.0931432440278925,-1.0627655596569192,0.04721950703810896,-1.0061176074566587,-0.6717752663773784,0.2920809124814158,0.5642482452142399
59,CC(=O)C=O,0.9461,36.51,-0.2538,-0.0964,0.1574,399.222,0.064992,-267.097658,17.805999999999997,-903.5119311000001,CC(=O)C=O,-0.8246841264322861,-0.28748570155617026,0.47434696538909504,-2.372424738725293,-2.368852826919237,0.11051157082749391,-0.6687402943871251,-1.108852667002838,0.11632044129006619,0.24311949449436496
60,C(=O)C(=N)N,2.7707,38.09,-0.2561,-0.064,0.192,384.4827,0.06766799999999999,-263.273589,17.972,-853.0344796,C(=O)C(=N)N,0.4355274420065202,-0.11826306223765828,0.3947353176661741,-1.7690954748505368,-1.787996535823142,0.00401955409128285,-0.5807545532533106,-1.0296590018770848,0.1567867911066606,0.44841659157109365
61,C(=O)C(=O)N,5.1668,33.39,-0.2533,-0.0763,0.177,381.9882,0.054577,-283.16326200000003,17.525,-795.1856799,C(=O)C(=O)N,2.090461640809668,-0.6216468627420912,0.49165384532886075,-1.9981371398400278,-2.03981284699197,-0.014003305593266688,-1.0111810619165267,-1.4415595463031223,0.047820174431857064,0.6836937360161365
62,CC(C)C#C,0.6578,51.2,-0.2589,0.0571,0.316,481.9854,0.112471,-195.180446,22.569000000000003,-1231.684078,CC(C)C#C,-1.0238066711987597,1.2858564323608763,0.29781679000348554,0.48594075524924846,0.29368496983916464,0.7084803602507204,0.8923490192497898,0.38050006274806086,1.2774121531963005,-1.0915910960355018
63,CC(C)C#N,3.9512,46.23,-0.318,0.0365,0.3545,460.694,0.102281,-211.289821,20.467,-1150.824523,CC(C)C#N,1.2508731377984803,0.7535548390615074,-1.7478564188768149,0.10234251957579202,0.9400135018391547,0.5546491657477676,0.5573061559637019,0.046886718131324695,0.7650009043138931,-0.762726792883904
64,CC(N)C#N,2.7429,42.87,-0.2704,0.0278,0.2983,440.0738,0.091554,-227.33225299999998,19.945999999999998,-1027.957633,CC(N)C#N,0.4163265861462775,0.3936889731689769,-0.10024144861112304,-0.05966256053872598,-0.0034582773400516275,0.4056674173944518,0.2046069612169047,-0.2853402860390142,0.6379950714557894,-0.2630142461075333
65,CC(O)C#C,1.3582,44.03,-0.2665,0.0336,0.3001,444.6452,0.088908,-231.102292,21.305999999999997,-1044.530774,CC(O)C#C,-0.5400556120435804,0.5179283792509224,0.03475221491904769,0.04834082620428602,0.02675968000020713,0.43869596049405046,0.1176076073155321,-0.3634150294803671,0.9695266121218562,-0.33041895129046683
66,CC(O)C#N,3.2689999999999997,39.28,-0.3051,0.0115,0.3166,424.3395,0.07860199999999999,-247.20916200000002,19.252,-962.0993087999999,CC(O)C#N,0.7796924231273448,0.009189431932612726,-1.30133891643086,-0.3631893198337425,0.3037576222859176,0.2919864868935072,-0.22124928660266455,-0.6969764973838067,0.4688164764394289,0.00483847574784952
67,CC(C)C=O,2.6921,46.58,-0.2469,-0.0188,0.2281,482.0475,0.112328,-232.358577,21.434,-1206.7864029999998,CC(C)C=O,0.38124013011389146,0.7910408667586462,0.7131819085578618,-0.9274139091980983,-1.1819586136101643,0.7089290351701071,0.8876472401084835,-0.38943177070352647,1.000729580655134,-0.9903296367191597
68,CC(O)C=O,2.8354,39.16,-0.255,-0.0279,0.2271,432.1489,0.088443,-268.281505,20.344,-1020.3120640000001,CC(O)C=O,0.4802143259690273,-0.003662920420692425,0.4328104535336582,-1.0968674987431688,-1.198746367688086,0.3484097061440668,0.10231860521268292,-1.1333692703586151,0.735016801738948,-0.23191891394323402
69,CN(C)C=O,3.7163,44.42,-0.2424,0.0327,0.2751,441.85,0.10227,-248.424309,19.918,-1098.540473,CN(C)C=O,1.088632812562113,0.5596985243991626,0.8689438280157528,0.031581679985542815,-0.39293417194783803,0.4185005315943704,0.55694448064514,-0.7221413007899591,0.6311694220891354,-0.5500820699542108
70,CC(=O)CO,2.9514,39.33,-0.2699,-0.0262,0.2437,440.1727,0.088924,-268.295084,19.824,-1028.833008,CC(=O)CO,0.5603330050980976,0.014544578746489366,-0.08293456867135736,-1.0652113336633207,-0.9200696499945836,0.4063819737475495,0.11813368050616783,-1.1336504814922903,0.6082547420725107,-0.2665744881762827
71,CCC(=O)C,2.6168,46.19,-0.2423,-0.0072,0.2351,489.8518,0.112006,-232.371073,21.715999999999998,-1214.627756,CCC(=O)C,0.3292320565068313,0.749270721610406,0.8724052040037065,-0.7114071357120743,-1.0644443350647113,0.7653154067219728,0.8770600171469407,-0.3896905537012734,1.0694736207050088,-1.02222124297535
72,CCC(=O)N,3.4989999999999997,42.54,-0.2438,0.0355,0.2793,457.44699999999995,0.10184700000000001,-248.44198799999998,21.374000000000002,-1109.634205,CCC(=O)N,0.9385484248487771,0.35834500419738924,0.8204845641844095,0.08372124599941062,-0.32242560482056665,0.5311894642461708,0.5430364206677099,-0.7225074199174532,0.9861031891551607,-0.5952014432123321
73,CC(=O)NC,3.5402,43.61,-0.2418,0.0387,0.2805,458.9803,0.101735,-248.436899,20.967,-1106.4408119999998,CC(=O)NC,0.9670043695049643,0.47294514601435583,0.8897120839434722,0.14330932144383107,-0.3022802999270599,0.5422676164828196,0.5393539083332602,-0.7224020304587843,0.886887500147006,-0.5822135784679088
74,CNC(=O)N,3.5648,39.51,-0.2436,0.0599,0.3034,428.404,0.091713,-264.498452,20.274,-995.5725213999999,CNC(=O)N,0.983995054906474,0.03382310727644633,0.827407316160315,0.5380803212631164,0.08215926845734958,0.32135265774451993,0.2098348135488468,-1.0550250165193213,0.7179526783223121,-0.13130059570690045
75,COC(C)=N,1.1876,43.57,-0.2595,0.0352,0.2948,443.1687,0.102062,-248.410358,20.256,-1089.786095,COC(C)=N,-0.6578853246247821,0.46866102856325437,0.27704853407576713,0.07813486392649631,-0.06221541661277808,0.42802819047030344,0.5501055291668764,-0.7218523858090399,0.7135647608723199,-0.5144770951247586
76,CC(=O)OC,1.7569,39.33,-0.2685,0.0174,0.2859,427.6606,0.089436,-268.315051,19.500999999999998,-1041.3624810000001,CC(=O)OC,-0.2646821864508194,0.014544578746489366,-0.03447530484001501,-0.2533238057330923,-0.21162642790628267,0.31598156378200476,0.134968022606509,-1.1340639834221893,0.5295160011643189,-0.31753317088238686
77,COC(=O)N,2.329,35.5,-0.2669,0.0575,0.3244,398.5908,0.07927100000000001,-284.37936099999996,19.084,-932.2242329,COC(=O)N,0.1304548508745348,-0.3956596671964843,0.020906710967234766,0.4933892646798011,0.4347021040937083,0.10595112623623827,-0.19925285131921033,-1.466744064931253,0.4278625802395032,0.1263435473186067
78,C(C(=O)N)O,4.5676,35.87,-0.24600000000000002,0.0273,0.2733,418.5967,0.078222,-284.354148,20.089000000000002,-916.4028483999999,C(C(=O)N)O,1.6766072224119186,-0.3560315807737952,0.7443342924494394,-0.06897319732691662,-0.4231521292880977,0.25049453315671416,-0.23374352488026123,-1.4662219221878006,0.6728546378640606,0.19069077985638155
79,[NH3+]CC([O-])=O,5.3004,35.19,-0.2527,0.0208,0.2735,408.0279,0.080317,-284.36717200000004,17.930999999999997,-924.5755257000001,[NH3+]CC([O-])=O,2.182736257461769,-0.4288615774425216,0.512422101256581,-0.19001147557339562,-0.4197945784725128,0.17413454140122567,-0.16486081648140416,-1.4664916396784107,0.14679209024834441,0.15745164287192218
80,CC(C)CO,1.3149,49.26,-0.2629,0.0789,0.3418,516.4357,0.136209,-233.54454199999998,23.924,-1324.9156,CC(C)CO,-0.5699619810633111,1.0780767359824504,0.15936175048536017,0.8918845192143625,0.7268090250495476,0.9573851199182418,1.672844356706625,-0.4139922362863552,1.6077248279040357,-1.470773488447788
81,CC(O)CO,2.2854,42.01,-0.2597,0.0631,0.3228,438.3028,0.11345,-269.47299300000003,22.072,-1141.906993,CC(O)CO,0.10034127837429799,0.3015804479702935,0.27012578209986166,0.5976683967075368,0.4078416975690326,0.39287187339712276,0.9245381226018092,-1.1580441132218997,1.1562568769381856,-0.7264582617340176
82,CCC(C)C,0.0618,56.26,-0.3085,0.085,0.3934,565.8412,0.159632,-197.622325,25.169,-1511.836098,CCC(C)C,-1.4354509191377756,1.8277972899252224,-1.419025700021267,1.0054742880302892,1.5930571354703145,1.3143417822333372,2.4429826282228206,0.32993053908004943,1.9112224515284868,-2.230998786738381
83,CCC(C)O,1.3894,49.45,-0.2617,0.0733,0.335,521.8605,0.13609100000000002,-233.54914300000002,23.99,-1327.802769,CCC(C)O,-0.5185064500709341,1.0984262938751832,0.20089826234079894,0.7876053871866269,0.6126522973196796,0.9965795112659042,1.6689645669256876,-0.4140875196228343,1.6238138585540063,-1.4825159080204144
84,CC(C)OC,1.0758,49.8,-0.2476,0.086,0.3336,507.9614,0.135681,-233.539034,23.573,-1321.45928,CC(C)OC,-0.7351031550267652,1.1359123215723212,0.6889522766421906,1.0240955616066703,0.5891494416105889,0.8961579722634907,1.6554839414156481,-0.4138781696449028,1.5221604376291906,-1.4567162719782079
85,CC1(CC1)C,0.1068,52.92,-0.2633,0.0893,0.3526,439.1643,0.137025,-196.403398,22.258000000000003,-1373.02295,CC1(CC1)C,-1.404370397061843,1.470073482758243,0.14551624653354917,1.085545764408729,0.908116769091104,0.39909624446075875,1.699674089429044,0.35517362351464965,1.2015986905881044,-1.6664311337838282
86,CC1(CO1)C,1.8235,45.7,-0.2596,0.091,0.3505,405.52099999999996,0.11285099999999999,-232.329981,20.719,-1188.8421560000002,CC1(CO1)C,-0.2186830137784395,0.6967902828344125,0.27358715808781436,1.117201929488577,0.8728624855274673,0.15602209123357785,0.9048432575273866,-0.38883956851053897,0.8264317486137827,-0.9173484994220891
87,CC1(CC1)O,1.3822,45.85,-0.2494,0.0776,0.327,401.4888,0.11323699999999999,-232.327734,21.17,-1187.432143,CC1(CC1)O,-0.5234793336030832,0.7128557232760432,0.6266475088590334,0.8676768635650668,0.4783502646963049,0.1268892891409585,0.9175347732514718,-0.38879303478807253,0.9363734580552505,-0.911613828452409
88,N=C1CCO1,2.5732,40.19,-0.263,0.0277,0.2907,352.0378,0.080558,-247.19669900000002,15.51,-954.2786642000001,N=C1CCO1,0.29911848400659447,0.10665310394517273,0.1559003744974074,-0.06152468789636411,-0.13104520833225744,-0.23039611244679603,-0.1569368390474543,-0.6967183977918637,-0.44338280677558745,0.03664585876616125
89,C1CC(=O)C1,2.7119,42.77,-0.2415,-0.0194,0.2222,379.6371,0.090544,-231.150804,17.076,-1074.97249,C1CC(=O)C1,0.39491555982730175,0.3829786795412236,0.9000962119073314,-0.9385866733439272,-1.2810063626699029,-0.030990094691019623,0.1713985910580286,-0.3644196774306471,-0.06163398862627781,-0.4542286076641491
90,C1CNC1=O,3.6671,39.73,-0.25,0.038,0.28800000000000003,355.0934,0.080442,-247.220897,16.1,-969.463127,C1CNC1=O,1.0546514417590938,0.057385753257504765,0.605879252931315,0.13027442994036412,-0.17637214434264606,-0.20831928340205413,-0.16075086967956304,-0.6972195206295301,-0.2995566236925139,-0.025110946319562052
91,C1COC1=O,3.9339,35.4,-0.2788,0.0089,0.2878,336.0792,0.068574,-267.101929,14.482999999999999,-906.1920220000001,C1COC1=O,1.2389244037559553,-0.4063699608242384,-0.39099703159918675,-0.41160463113233403,-0.17972969515823098,-0.34569761918636316,-0.5509656588335661,-1.1089411162812763,-0.6937378746168015,0.23221928330458744
92,C1C(=O)CN1,2.5257,39.34,-0.2437,-0.0258,0.2179,359.152,0.07965,-247.18554300000002,16.083,-947.2781738,C1C(=O)CN1,0.266311266259777,0.015615608109265303,0.8239459401723622,-1.057762824232768,-1.3531937052049667,-0.17899574028090262,-0.18679149261602837,-0.6964873652116088,-0.30370076795084044,0.06511758850936208
93,C1C(=O)CO1,0.8477,35.94,-0.2647,-0.0352,0.2295,344.5473,0.06698899999999999,-267.06397599999997,15.115,-882.3761729,C1C(=O)CO1,-0.8926468680383248,-0.3485343752343675,0.09705698270220489,-1.2328027958507528,-1.1584557579010735,-0.28451526677316097,-0.6030797842809115,-1.10815513747898,-0.5396732174837465,0.32908084305760754
94,CC1CCC1,0.095,52.94,-0.2896,0.0927,0.3823,455.0215,0.138424,-196.40245,20.299,-1372.428071,CC1CCC1,-1.4125204006284209,1.4722155414837934,-0.7648256382981261,1.1488580945684257,1.4067130652053814,0.5136651322498293,1.7456726140352494,0.3551932558995624,0.7240470081139674,-1.6640116984085713
95,CC1CCO1,1.6826,45.72,-0.24100000000000002,0.0915,0.3325,407.6909,0.11459000000000001,-232.325877,18.582,-1186.266859,CC1CCO1,-0.3159995817895255,0.6989323415599628,0.9174030918470961,1.1265125662767679,0.5706829121248751,0.1716997032718639,0.9620208374346008,-0.38875457767965255,0.30548843802305814,-0.9068744960304871
96,CC1COC1,1.8995,45.45,-0.2419,0.0814,0.3233,414.1575,0.114694,-232.320548,18.442999999999998,-1182.922863,CC1COC1,-0.16619146538353136,0.6700145487650278,0.8862507079555185,0.9384377031553159,0.41623557460799354,0.21842114020756556,0.9654403131737324,-0.3886442179969548,0.27160396438145207,-0.8932741130666957
97,C1CC(C1)O,1.4604,45.55,-0.256,0.0801,0.3361,413.9118,0.11506300000000001,-232.328097,19.023,-1187.659929,C1CC(C1)O,-0.4694682930177963,0.680724842392781,0.39819669365412685,0.9142300475060202,0.6311188268053936,0.21664594813520885,0.9775728761327676,-0.388800552251916,0.4129924155478634,-0.9125402580395823
98,C1C(CO1)O,2.4158,38.58,-0.2465,0.0604,0.3069,374.4087,0.09100499999999999,-268.243234,17.344,-996.2966667999999,C1C(CO1)O,0.19040572456766647,-0.06578262346166479,0.7270274125096746,0.5473909580513071,0.14091640773007605,-0.06876548838702987,0.18655607486321826,-1.1325767060094813,0.003697226740270845,-0.13424577110826685
99,CC1CC1C,0.1023,52.92,-0.2632,0.094,0.3573,465.3301,0.13734100000000002,-196.40034,22.005,-1371.1040269999999,CC1CC1C,-1.4074784492694363,1.470073482758243,0.1489776225215019,1.1730657502177213,0.9870192132573362,0.588145168868048,1.7100640349440988,0.35523695245247877,1.1399240730965483,-1.658626672391521
100,CC1CC1O,1.3092,45.84,-0.2518,0.0822,0.33399999999999996,418.298,0.113827,-232.323327,20.701999999999998,-1184.6667109999999,CC1CC1O,-0.5738988471929292,0.7117846939132679,0.5435744851481578,0.953334722016421,0.5958645432417569,0.24833641401950238,0.9369337221561621,-0.3887017690493507,0.822287604355456,-0.9003665260452516
101,CC1CN1C,1.2483,49.79,-0.2199,0.0931,0.313,432.5081,0.125556,-212.43228599999998,20.993000000000002,-1241.657078,CC1CN1C,-0.615961153735691,1.134841292209546,1.6477534253052073,1.1563066039989782,0.2433217076053991,0.35100494013833017,1.3225782504665178,0.0232271056536491,0.8932256031303287,-1.1321523345351554
102,CC1OC1C,1.8159,46.02,-0.2573,0.0984,0.3557,432.2224,0.113178,-232.32857,20.451,-1187.956741,CC1OC1C,-0.22393216861793017,0.731063222443225,0.35319880581073726,1.2549993539537994,0.9601588067326614,0.3489407465075921,0.9155948783610032,-0.38881034773510537,0.7611005332472339,-0.9137474236188023
103,OC1CC1O,2.4925,38.43,-0.2369,0.0642,0.3011,370.2795,0.090396,-268.245852,19.173,-997.9394854000001,OC1CC1O,0.2433807477504225,-0.08184806390329546,1.0593195073531751,0.6181517976415561,0.04354743407812897,-0.09859911925872436,0.16653241404464886,-1.1326309228699256,0.449558394297797,-0.14092728690554693
104,C1C2CC1C2,0.0002,49.82,-0.2974,0.1082,0.4056,328.2069,0.116844,-195.154774,15.584000000000001,-1215.574667,C1C2CC1C2,-1.4779967004683852,1.1380543802978724,-1.0348129653584694,1.437487835002337,1.7978677352209607,-0.40257529338747694,1.0361313981653995,0.38103171104496847,-0.4253435905922863,-1.0260724294697798
105,C1C2CC1O2,1.8725,42.39,-0.2352,0.0994,0.3346,298.4772,0.092109,-231.065445,14.648,-1021.408949,C1C2CC1O2,-0.18483977862909076,0.3422795637557586,1.1181628991483787,1.273620627530181,0.6059371956885107,-0.6173735341426381,0.22285512501707927,-0.36265195512713544,-0.653515297991874,-0.2363800604479658
106,C#CCC#C,0.4777,45.22,-0.2633,0.0345,0.2978,470.3666,0.065276,-192.730524,19.399,-946.4850024,C#CCC#C,-1.1481978273293247,0.6453808734211933,0.14551624653354917,0.06509997242302935,-0.011852154379012549,0.6245340775877245,-0.6594024952533419,0.4312361510488248,0.5046511356143646,0.06834349990277476
107,C#CCC#N,3.5925,40.56,-0.2911,0.0111,0.3022,448.7393,0.055029999999999996,-208.837159,17.258,-863.906073,C#CCC#N,1.0031268429398812,0.1462811903678626,-0.8167462781174231,-0.37063782926429495,0.06201396356384375,0.46827599249826546,-0.9962866147066547,0.09767954982307965,-0.01726726774302507,0.40420067933117976
108,C(C#N)C#N,3.6958,36.12,-0.3494,-0.0151,0.3344,429.0927,0.044642,-224.939832,15.259,-778.840953,C(C#N)C#N,1.0744739080608552,-0.3292558467044105,-2.834728479094098,-0.8585151969654872,0.6025796448729258,0.32632854207594864,-1.3378396337268585,-0.23579500128766218,-0.5045698778838099,0.7501694570632244
109,C#CCC=O,2.0711,41.41,-0.2583,-0.0337,0.2245,483.1343,0.06502899999999999,-229.91237900000002,18.303,-923.9241712999999,C#CCC=O,-0.0476710745339758,0.23731868620377003,0.3185850459312059,-1.2048708854861807,-1.2423945282906828,0.7167812075113249,-0.6675237501337803,-0.3387728037122705,0.2374757175481812,0.1601007696307917
110,C(C=O)C#N,2.1719999999999997,36.79,-0.2868,-0.0568,0.23,464.3999,0.054694000000000007,-246.017964,16.279,-840.6863574999999,C(C=O)C#N,0.022018362742948043,-0.2574968793984593,-0.6679071106354375,-1.6350223051005908,-1.1500618808621126,0.5814244376278924,-1.0073341517100032,-0.6723076602078908,-0.25592122238425985,0.4986377011189684
111,C(=N)NC=O,5.0884,38.8,-0.2491,-0.0216,0.2276,391.0845,0.068192,-263.275534,16.694000000000003,-854.2549846000001,C(=N)NC=O,2.03631246457071,-0.04221997748060636,0.6370316368228935,-0.9795534752119661,-1.1903524906491252,0.05171781629431264,-0.5635256562599923,-1.0296992814009813,-0.15475534784277553,0.4434526695421134
112,N=COC=O,4.2338,35.69,-0.2934,-0.0298,0.2636,460.7073,0.05522899999999999,-283.151564,15.704,-787.8450796,N=COC=O,1.4460588164353356,-0.3753101093037522,-0.896357925840344,-1.1322479185382934,-0.5859933438439392,0.554745258765929,-0.9897435793981237,-1.4413172893002693,-0.39609080759233944,0.7135487284455891
113,C(=O)NC=O,5.2904,34.31,-0.2608,-0.0416,0.2191,372.7845,0.055704,-283.17476,15.692,-802.4007784,C(=O)NC=O,2.175829474778229,-0.5231121613667553,0.23205064623237753,-1.3519789467395937,-1.3330484003114609,-0.08050039666509991,-0.9741257815511274,-1.441797661452617,-0.3990160858923343,0.6543491725891839
114,CC#CC#C,1.1881,54.54,-0.242,-0.0085,0.2335,576.5936,0.065688,-192.75665700000002,19.382,-962.8836951,CC#CC#C,-0.6575399854906051,1.6435802395278556,0.8827893319675657,-0.73561479136137,-1.091304741589386,1.392028291141796,-0.6458561105944738,0.4306949557799286,0.5005069913560389,0.001648294278866951
115,CC#CC#N,5.1545,47.82,-0.2871,-0.0377,0.2494,553.2094,0.055566,-208.85788,17.054000000000002,-876.9086869999999,CC#CC#N,2.0819662981089126,0.9238485077427946,-0.6782912385992977,-1.2793559797917065,-0.824379451750429,1.223076535104337,-0.9786631628203599,0.09725043310602534,-0.0669969988429344,0.3513176824823946
116,CC#CC=O,3.783,45.67,-0.2642,-0.0592,0.2051,568.7849,0.065532,-229.922366,18.156,-930.1911037000001,CC#CC=O,1.1347010530613284,0.6935771947460861,0.11436386264197056,-1.6797133616839062,-1.568076957402366,1.335610129418508,-0.6509853242031711,-0.33897962715965346,0.20164105837324553,0.13461249732179575
117,CC#CCO,1.2486,46.92,-0.2421,0.0368,0.2789,613.8892,0.089036,-231.104707,20.884,-1046.046208,CC#CCO,-0.6157539502551849,0.8274558650930097,0.879327955979612,0.10792890164870646,-0.3291407064517356,1.66149045416087,0.12181619284061751,-0.3634650423596528,0.8666543252387097,-0.3365823805398884
118,CCC#CC,0.078,53.93,-0.2401,0.0631,0.3033,652.4812,0.11276099999999999,-195.18988000000002,22.115,-1237.603998,CCC#CC,-1.4242619311904399,1.5782474483985571,0.9485554757386747,0.5976683967075368,0.0804804930495576,1.94031915768708,0.9018840958300607,0.38030469152520935,1.166739124179833,-1.1156680324657506
119,CN=COC,2.9091,46.78,-0.2481,0.0251,0.2732,567.5459999999999,0.10111,-248.38882400000003,20.343,-1076.273316,CN=COC,0.5311173143467212,0.8124614540141543,0.6716453967024248,-0.10993999919495566,-0.4248309046958897,1.3266590286515452,0.5188041743240547,-0.7214064324580893,0.7347730285472814,-0.4595192036365292
120,CCCC#C,0.7752,51.47,-0.2586,0.0583,0.3169,593.0141,0.11273599999999999,-195.179881,22.023000000000003,-1231.3295349999999,CCCC#C,-0.9427210424939938,1.3147742251558112,0.3082009179673457,0.5082862835409061,0.3087939485092945,1.5106670433767702,0.9010621064696926,0.38051176348379434,1.1443119905465415,-1.090149132415589
121,CCCC#N,4.0641,46.62,-0.3185,0.0365,0.355,569.5065,0.102603,-211.28920899999997,19.863,-1150.4404880000002,CCCC#N,1.328850714295653,0.7953249842097476,-1.7651632988165804,0.10234251957579202,0.9484073788781155,1.3408237175317053,0.5678933789252447,0.04689939220259757,0.617761896547493,-0.761164882202343
122,CNCC#N,4.1469,43.52,-0.249,0.0208,0.2698,535.2152,0.09134600000000001,-227.318937,19.026,-1019.601724,CNCC#N,1.3860388749153683,0.46330588174937776,0.6404930128108463,-0.19001147557339562,-0.48190926856082417,1.093067739058749,0.19776800973864156,-0.2850645214425039,0.41372373512286215,-0.22902988655369752
123,COCC#C,1.3623,45.04,-0.2565,0.0324,0.2889,532.4302,0.08873400000000001,-231.08608900000002,20.194000000000003,-1034.363245,COCC#C,-0.5372238311433288,0.6261023448912364,0.3808898137143612,0.02599529791262837,-0.16126316567251714,1.0729460055564564,0.11188656136736948,-0.36307947723064776,0.6984508229890145,-0.2890665429157401
124,COCC#N,4.5445,40.22,-0.2859,0.008,0.2939,509.5881,0.078474,-247.192237,18.14,-951.478719,COCC#N,1.6606525544129405,0.10986619203349902,-0.6367547267438589,-0.4283637773510773,-0.07732439528290792,0.9079109431389591,-0.22545787212774948,-0.6966259930434681,0.19774068730658637,0.04803352998276275
125,C#CCCO,1.3892,44.05,-0.2624,0.0549,0.3174,542.7424,0.08932899999999999,-231.100171,20.715999999999998,-1043.199827,C#CCCO,-0.5186445857246049,0.5200704379764727,0.17666863042512584,0.44497395338120943,0.3171878255482554,1.1474520523149287,0.13144990814413268,-0.36337110512551546,0.825700429038783,-0.32500585004737
126,C(CO)C#N,3.7158,39.41,-0.2914,0.0323,0.3237,519.4529,0.079045,-247.20867,18.636,-961.7905743999999,C(CO)C#N,1.0882874734279362,0.023112813648692294,-0.8271304060812813,0.024133170554990306,0.42295067623916244,0.979184507466938,-0.2066836351369392,-0.6969663084245483,0.318652190373034,0.006094130980121607
127,CCCC=O,2.7552,47.03,-0.2487,-0.0195,0.2292,599.5103,0.112697,-232.357283,20.766,-1205.974407,CCCC=O,0.4248219288470322,0.839237188083539,0.6508771407747055,-0.9404488007015652,-1.1634920841244503,1.5576023414656741,0.8997798030675187,-0.38940497291230647,0.8378890886220945,-0.9870271637003328
128,CCNC=O,3.694,43.88,-0.2499,0.0335,0.2834,490.704,0.10269500000000001,-248.429994,19.864,-1102.1078619999998,CCNC=O,1.0732306871778177,0.5018629388092917,0.6093406289192677,0.04647869884664796,-0.2535958131010873,0.7714725849232849,0.5709182997714001,-0.7222590329716325,0.6180056697391595,-0.5645910157127624
129,CCOC=O,4.0425,40.48,-0.2778,0.0091,0.2868,510.9124,0.08983200000000001,-268.301991,18.727,-1033.1672130000002,CCOC=O,1.3139320636992058,0.13771295546565893,-0.3563832717196554,-0.40788037641705777,-0.19651744923615283,0.9174790622330656,0.1479883340747419,-1.1337935203979757,0.34083555081466077,-0.2842021551482467
130,COCC=O,2.7959,40.04,-0.2577,-0.0282,0.2295,546.3932,0.088447,-268.267033,19.186,-1011.2307539999999,COCC=O,0.4529325343690423,0.09058766350354205,0.3393533018589243,-1.1024538808160833,-1.1584557579010735,1.1738292245483837,0.10245012351034197,-1.1330695658497016,0.4527274457894583,-0.19498427233095106
131,C(CO)C=O,1.4229,39.92,-0.2536,-0.0285,0.225,550.4469,0.089449,-268.276602,19.422,-1017.235387,C(CO)C=O,-0.49536872808107324,0.07773531115023767,0.48126971736500246,-1.1080402628889976,-1.2340006512517216,1.2031173649786338,0.13539545707390044,-1.1332677328235687,0.5102579190226877,-0.21940574542990754
132,CCCCC,0.0603,56.8,-0.3105,0.0925,0.40299999999999997,721.0614,0.160138,-197.622321,24.552,-1511.8335880000002,CCCCC,-1.4364869365403068,1.8856328755150933,-1.4882532197803298,1.1451338398531492,1.754219574618363,2.4358137745394908,2.459619692876674,0.32993062191711636,1.7608143922704254,-2.2309885783047476
133,CCCCO,1.3815,49.63,-0.2615,0.0813,0.3428,669.0122,0.136722,-233.542485,23.274,-1323.624814,CCCCO,-0.5239628083909311,1.1177048224051402,0.20782101431670444,0.9365755757976778,0.7435967791274695,2.059756276727083,1.6897115783813814,-0.41394963732457857,1.4492722533209892,-1.4655237262099445
134,CCCOC,0.9755,50.27,-0.25,0.0926,0.3426,647.6919,0.136321,-233.53556899999998,22.785,-1319.284962,CCCOC,-0.8043781853426768,1.186250701622765,0.605879252931315,1.1469959672107874,0.7402392283118855,1.9057162785982003,1.6765268690410746,-0.41380641203549223,1.3300671625962046,-1.4478730922958563
135,CCOCC,0.9301,50.62,-0.2483,0.0931,0.3414,631.0818,0.136152,-233.541027,22.881,-1322.709906,CCOCC,-0.8357349787259509,1.223736729319903,0.6647226447265184,1.1563066039989782,0.7200939234183787,1.7857076589764989,1.6709702209649853,-0.4139194432136062,1.3534693889961624,-1.461802699277904
136,COCCO,2.2019,42.99,-0.261,0.0821,0.3431,522.4181,0.11356300000000001,-269.45898,21.000999999999998,-1133.113709,COCCO,0.042669642966734575,0.406541325522282,0.22512789425647012,0.9514725946587831,0.7486331053508464,1.0006081929897384,0.9282535145106742,-1.1577539142664388,0.8951757886636574,-0.6906950521161299
137,C(CO)CO,2.7191,42.52,-0.2607,0.0779,0.3386,618.0376,0.11324200000000001,-269.461727,22.005,-1134.837476,C(CO)CO,0.399888443359451,0.3562029454718389,0.23551202222033027,0.8732632456379811,0.6730882120001981,1.6914628057805876,0.9176991711235462,-1.1578108026222975,1.1399240730965483,-0.6977057935585074
138,C#CC1CC1,0.8635,48.65,-0.2425,0.0503,0.2928,429.6736,0.090505,-193.958152,18.785,-1090.758107,C#CC1CC1,-0.8817341513983307,1.0127439448531517,0.8654824520278,0.35931609492985506,-0.09579092476862176,0.33052556720754034,0.17011628765585424,0.4058128752839265,0.3549743959313018,-0.5184303700226361
139,C#CC1CN1,1.2763,45.22,-0.2422,0.0322,0.2744,408.3613,0.079399,-209.996559,17.704,-965.3654932,C#CC1CN1,-0.5966221622217776,0.6453808734211933,0.8758665799916593,0.022271043197352115,-0.4046855998023839,0.17654336939033352,-0.19504426579412537,0.07366922591239806,0.09145557574011196,-0.008445439265912716
140,C#CC1CO1,1.7013,41.39,-0.265,0.0189,0.2839,397.8388,0.066467,-229.87469,16.924,-900.2739846000001,C#CC1CO1,-0.3030838981713047,0.23517662747821969,0.08667285473834471,-0.22539189536852022,-0.24520193606212637,0.10051789693867108,-0.6202429221253999,-0.337992292156405,-0.09868751375954436,0.25628856300290004
141,C1CC1C#N,4.1966,43.5,-0.2931,0.0289,0.322,407.3682,0.080403,-210.06670099999997,16.544,-1009.3802289999999,C1CC1C#N,1.4203655848525651,0.46116382302382664,-0.8859737978764858,-0.03917915960470646,0.3944114943066957,0.16936818319962335,-0.16203317308173737,0.07221663652155584,-0.1913213265927099,-0.1874579927887296
142,N#CC1CN1,2.8377,40.21,-0.2775,0.0076,0.2851,386.5557,0.069125,-226.102575,15.572000000000001,-882.3981357000001,N#CC1CN1,0.4818028859862416,0.10879516267072385,-0.34599914375579716,-0.43581228678162987,-0.2250566311686196,0.018997059854389913,-0.5328490133310501,-0.25987455627720707,-0.42826886889228116,0.32899151804317617
143,N#CC1CO1,3.6533,36.45,-0.3077,-0.0072,0.3004,376.0875,0.056139,-245.978827,14.866,-816.1275377000001,N#CC1CO1,1.045120081655808,-0.29391187773282207,-1.3913346921176413,-0.7114071357120743,0.031796006223584056,-0.05663609298176991,-0.9598231666807201,-0.6714971616337209,-0.6003727422086368,0.5985210007457422
144,C1CC1C=O,3.147,44.1,-0.2486,-0.0157,0.2329,436.2586,0.090683,-231.140101,17.457,-1068.256261,C1CC1C=O,0.6954296743881503,0.5254255847903501,0.6543385167626592,-0.8696879611113159,-1.1013773940361395,0.3781024487560501,0.1759688519016759,-0.36419802614824576,0.03124359739855424,-0.42691299889173384
145,O=CC1CN1,2.03,40.19,-0.2639,-0.0381,0.2258,363.3567,0.079887,-247.179519,16.144000000000002,-943.4980595000001,O=CC1CN1,-0.07605795136332749,0.10665310394517273,0.1247479906058288,-1.286804489222259,-1.2205704479893844,-0.1486166189677637,-0.17899903347973758,-0.6963626125884946,-0.28883060325919985,0.08049171040630876
146,O=CC1CO1,2.3951,36.8,-0.2636,-0.0418,0.2217,402.0419,0.066465,-267.055484,15.818,-877.0473665,O=CC1CO1,0.17610868441273744,-0.2564258500356841,0.13513211856968899,-1.35570320145487,-1.2894002397088637,0.13088545818947475,-0.6203086812742293,-1.1079792743854409,-0.36830066374238996,0.35075365838989325
147,C1CN1C=O,3.2517,40.77,-0.2555,-0.0013,0.2542,383.6013,0.079595,-247.18762599999997,16.197,-948.585275,C1CN1C=O,0.7677436890848198,0.16877280698614586,0.4155035735938925,-0.6015416216114241,-0.7437982321764047,-0.0023485952476478434,-0.18859986920883845,-0.696530502614321,-0.2759106241008905,0.059801470639474864
148,CCC1CC1,0.095,52.9,-0.2723,0.0986,0.3709,514.3053,0.137725,-196.399392,21.364,-1370.509149,CCC1CC1,-1.4125204006284209,1.467931424032692,-0.16600759238223298,1.2587236086690756,1.2153326687170731,0.9419928969188575,1.7226897915193538,0.355256584837391,0.9836654572384981,-1.6562072410833697
149,CCC1CO1,1.7468,45.95,-0.2623,0.0976,0.3599,471.3094,0.11386099999999999,-232.322501,19.579,-1184.148389,CCC1CO1,-0.2716580369611954,0.7235660169037972,0.1801300064130805,1.2401023350926945,1.0306673738599328,0.6313458443187698,0.9380516276862627,-0.38868466319498585,0.5485303101142852,-0.8982584560300492
